claim_id,evidence_id,evidence_text
claim-752,evidence-1567,colonists including thomas jefferson began research confirm warming
claim-752,evidence-140462,likely person though difficult confirm certain
claim-752,evidence-989499,record label put press release confirm deal
claim-752,evidence-304264,game mode x button used confirm orders
claim-752,evidence-779876,national congress called confirm result
claim-375,evidence-742972,0 ° c freezing point water celsius scale
claim-375,evidence-68000,celsius family swedish family anders celsius inventor celsius temperature scale belongs
claim-375,evidence-508805,nepal temperature risen 0 6 degrees celsius last decade whereas globally earth warmed approximately 0 7 degrees celsius last hundred years
claim-375,evidence-1087424,helicobacter typhlonius grow 37 degrees celsius well 42 degrees celsius however cannot grown 25 degrees celsius presence 1 5% sodium chloride
claim-375,evidence-1191135,1742 anders celsius swedish astronomer proposed centigrade temperature scale predecessor current celsius scale
claim-1266,evidence-722375,induced aggravated human activities e g
claim-1266,evidence-913789,2012 attributed 2010 moscow 2011 texas heat waves human-induced global warming
claim-1266,evidence-19385,vahrenholt belongs minority skeptical human-induced global warming
claim-1266,evidence-724010,global change research program concluded [global] warming unequivocal primarily human-induced
claim-1266,evidence-96775,mitigation policies substantially reduce risks associated human-induced global warming
claim-871,evidence-1080520,four aspects global education universities india might focus global curriculum global faculty global degrees global interaction
claim-871,evidence-913789,2012 attributed 2010 moscow 2011 texas heat waves human-induced global warming
claim-871,evidence-19385,vahrenholt belongs minority skeptical human-induced global warming
claim-871,evidence-724010,global change research program concluded [global] warming unequivocal primarily human-induced
claim-871,evidence-96775,mitigation policies substantially reduce risks associated human-induced global warming
claim-2164,evidence-8189,human-induced forcings needed reproduce late-20th century warming
claim-2164,evidence-121500,human-induced warming associated sea level rises expected continue 21st century
claim-2164,evidence-722375,induced aggravated human activities e g
claim-2164,evidence-143084,human-induced warming climate expected continue throughout 21st century beyond
claim-2164,evidence-865377,penetration human-induced warming world oceans
claim-1607,evidence-8189,human-induced forcings needed reproduce late-20th century warming
claim-1607,evidence-121500,human-induced warming associated sea level rises expected continue 21st century
claim-1607,evidence-143084,human-induced warming climate expected continue throughout 21st century beyond
claim-1607,evidence-846906,warming likely human-made
claim-1607,evidence-865377,penetration human-induced warming world oceans
claim-761,evidence-413410,greenhouse gas causing warming rate warming higher troposphere surface
claim-761,evidence-182430,cooling contributed towards recent global warming hiatus surface temperatures would change enhanced surface warming next phase oscillation
claim-761,evidence-403673,global warming 1 5 °c
claim-761,evidence-769578,greenhouse gas causing warming rate warming higher troposphere surface
claim-761,evidence-114562,report also said current atmospheric data sets show global-average warming similar surface warming
claim-1718,evidence-570183,climate data
claim-1718,evidence-233177,important climate
claim-1718,evidence-322303,climate also referred mountain climate highland climate
claim-1718,evidence-889933,multiple independently produced instrumental datasets confirm 2009–2018 decade 0 93 ± 0 07 °c warmer pre-industrial baseline 1850–1900
claim-1718,evidence-898614,people regard climate change catastrophic irreversible rapid might label climate change climate crisis climate emergency
claim-1718,evidence-72690,climate change
claim-1273,evidence-988909,paris agreement aims combat global climate change keeping global temperature rise century well 2 degrees celsius pursue efforts limit temperature increase even 1 5 degrees celsius
claim-1273,evidence-742972,0 ° c freezing point water celsius scale
claim-1273,evidence-68000,celsius family swedish family anders celsius inventor celsius temperature scale belongs
claim-1273,evidence-889933,multiple independently produced instrumental datasets confirm 2009–2018 decade 0 93 ± 0 07 °c warmer pre-industrial baseline 1850–1900
claim-1273,evidence-1087424,helicobacter typhlonius grow 37 degrees celsius well 42 degrees celsius however cannot grown 25 degrees celsius presence 1 5% sodium chloride
claim-1273,evidence-1191135,1742 anders celsius swedish astronomer proposed centigrade temperature scale predecessor current celsius scale
claim-1786,evidence-232147,however record surface temperature near-surface temperature 1 5 meter used surface weather observations
claim-1786,evidence-130644,since 1950 number cold days nights decreased number warm days night increased
claim-1786,evidence-411279,corvus uk service designation outfit ulc lightweight quick reaction system self-defence surface vessels surface-to-surface air-to-surface missiles
claim-1786,evidence-403100,image 2d surface changes surface rotates
claim-1786,evidence-890592,sediment contamination surface water common surface mining
claim-1786,evidence-361245,four surfaces anterior surface orbital superior surface nasal medial surface infratemporal posterior surface
claim-2796,evidence-68000,celsius family swedish family anders celsius inventor celsius temperature scale belongs
claim-2796,evidence-233177,important climate
claim-2796,evidence-322303,climate also referred mountain climate highland climate
claim-2796,evidence-898614,people regard climate change catastrophic irreversible rapid might label climate change climate crisis climate emergency
claim-2796,evidence-72690,climate change
claim-2580,evidence-232147,however record surface temperature near-surface temperature 1 5 meter used surface weather observations
claim-2580,evidence-411279,corvus uk service designation outfit ulc lightweight quick reaction system self-defence surface vessels surface-to-surface air-to-surface missiles
claim-2580,evidence-403100,image 2d surface changes surface rotates
claim-2580,evidence-890592,sediment contamination surface water common surface mining
claim-2580,evidence-361245,four surfaces anterior surface orbital superior surface nasal medial surface infratemporal posterior surface
claim-1219,evidence-413410,greenhouse gas causing warming rate warming higher troposphere surface
claim-1219,evidence-182430,cooling contributed towards recent global warming hiatus surface temperatures would change enhanced surface warming next phase oscillation
claim-1219,evidence-554535,specifically surface data showed substantial global-average warming early versions satellite radiosonde data showed little warming surface
claim-1219,evidence-769578,greenhouse gas causing warming rate warming higher troposphere surface
claim-1219,evidence-114562,report also said current atmospheric data sets show global-average warming similar surface warming
claim-75,evidence-413410,greenhouse gas causing warming rate warming higher troposphere surface
claim-75,evidence-182430,cooling contributed towards recent global warming hiatus surface temperatures would change enhanced surface warming next phase oscillation
claim-75,evidence-889933,multiple independently produced instrumental datasets confirm 2009–2018 decade 0 93 ± 0 07 °c warmer pre-industrial baseline 1850–1900
claim-75,evidence-554535,specifically surface data showed substantial global-average warming early versions satellite radiosonde data showed little warming surface
claim-75,evidence-769578,greenhouse gas causing warming rate warming higher troposphere surface
claim-75,evidence-114562,report also said current atmospheric data sets show global-average warming similar surface warming
claim-2813,evidence-232147,however record surface temperature near-surface temperature 1 5 meter used surface weather observations
claim-2813,evidence-411279,corvus uk service designation outfit ulc lightweight quick reaction system self-defence surface vessels surface-to-surface air-to-surface missiles
claim-2813,evidence-403100,image 2d surface changes surface rotates
claim-2813,evidence-890592,sediment contamination surface water common surface mining
claim-2813,evidence-889933,multiple independently produced instrumental datasets confirm 2009–2018 decade 0 93 ± 0 07 °c warmer pre-industrial baseline 1850–1900
claim-2813,evidence-361245,four surfaces anterior surface orbital superior surface nasal medial surface infratemporal posterior surface
claim-2335,evidence-1032659,reserves division two thirds division three
claim-2335,evidence-310000,home almost two-thirds north carolina population
claim-2335,evidence-889933,multiple independently produced instrumental datasets confirm 2009–2018 decade 0 93 ± 0 07 °c warmer pre-industrial baseline 1850–1900
claim-2335,evidence-934030,second line two thirds curved upper third interrupted middle vertical two thirds inner margin lower third
claim-2335,evidence-38396,last 100 years earth average surface temperature increased 0 8 °c 1 4 °f two thirds increase occurring last three decades
claim-2335,evidence-1037265,since published 40 titles two thirds children
claim-161,evidence-232147,however record surface temperature near-surface temperature 1 5 meter used surface weather observations
claim-161,evidence-310000,home almost two-thirds north carolina population
claim-161,evidence-889933,multiple independently produced instrumental datasets confirm 2009–2018 decade 0 93 ± 0 07 °c warmer pre-industrial baseline 1850–1900
claim-161,evidence-934030,second line two thirds curved upper third interrupted middle vertical two thirds inner margin lower third
claim-161,evidence-361245,four surfaces anterior surface orbital superior surface nasal medial surface infratemporal posterior surface
claim-161,evidence-38396,last 100 years earth average surface temperature increased 0 8 °c 1 4 °f two thirds increase occurring last three decades
claim-2243,evidence-232147,however record surface temperature near-surface temperature 1 5 meter used surface weather observations
claim-2243,evidence-411279,corvus uk service designation outfit ulc lightweight quick reaction system self-defence surface vessels surface-to-surface air-to-surface missiles
claim-2243,evidence-403100,image 2d surface changes surface rotates
claim-2243,evidence-890592,sediment contamination surface water common surface mining
claim-2243,evidence-889933,multiple independently produced instrumental datasets confirm 2009–2018 decade 0 93 ± 0 07 °c warmer pre-industrial baseline 1850–1900
claim-2243,evidence-361245,four surfaces anterior surface orbital superior surface nasal medial surface infratemporal posterior surface
claim-1256,evidence-232147,however record surface temperature near-surface temperature 1 5 meter used surface weather observations
claim-1256,evidence-411279,corvus uk service designation outfit ulc lightweight quick reaction system self-defence surface vessels surface-to-surface air-to-surface missiles
claim-1256,evidence-403100,image 2d surface changes surface rotates
claim-1256,evidence-890592,sediment contamination surface water common surface mining
claim-1256,evidence-889933,multiple independently produced instrumental datasets confirm 2009–2018 decade 0 93 ± 0 07 °c warmer pre-industrial baseline 1850–1900
claim-1256,evidence-361245,four surfaces anterior surface orbital superior surface nasal medial surface infratemporal posterior surface
claim-506,evidence-508494,daytime temperatures risen fast nighttime temperatures
claim-506,evidence-225290,land air temperatures rising faster sea surface temperatures
claim-506,evidence-556196,temperatures low
claim-506,evidence-889933,multiple independently produced instrumental datasets confirm 2009–2018 decade 0 93 ± 0 07 °c warmer pre-industrial baseline 1850–1900
claim-506,evidence-345071,local average temperatures vary 6 30 degrees celsius
claim-506,evidence-1123694,agreement goal keep temperatures 1 5 degrees celsius
claim-369,evidence-1120350,currently surface temperatures rising 0 2 °c per decade
claim-369,evidence-225290,land air temperatures rising faster sea surface temperatures
claim-369,evidence-556196,temperatures low
claim-369,evidence-820551,equatorial pacific atlantic cool surface temperatures northern summer east cooler surface temperatures prevail western indian ocean
claim-369,evidence-329101,instrumental temperature record provides temperature earth climate system historical network situ measurements surface air temperatures ocean surface temperatures
claim-2184,evidence-232147,however record surface temperature near-surface temperature 1 5 meter used surface weather observations
claim-2184,evidence-450124,point — 8 2*4
claim-2184,evidence-890592,sediment contamination surface water common surface mining
claim-2184,evidence-361245,four surfaces anterior surface orbital superior surface nasal medial surface infratemporal posterior surface
claim-2184,evidence-16594,example surface near point meaning coordinates vanishing point form
claim-1057,evidence-232147,however record surface temperature near-surface temperature 1 5 meter used surface weather observations
claim-1057,evidence-450124,point — 8 2*4
claim-1057,evidence-361245,four surfaces anterior surface orbital superior surface nasal medial surface infratemporal posterior surface
claim-1057,evidence-744193,state northernmost point southernmost point easternmost point westernmost point
claim-1057,evidence-16594,example surface near point meaning coordinates vanishing point form
claim-104,evidence-232147,however record surface temperature near-surface temperature 1 5 meter used surface weather observations
claim-104,evidence-450124,point — 8 2*4
claim-104,evidence-361245,four surfaces anterior surface orbital superior surface nasal medial surface infratemporal posterior surface
claim-104,evidence-744193,state northernmost point southernmost point easternmost point westernmost point
claim-104,evidence-16594,example surface near point meaning coordinates vanishing point form
claim-1975,evidence-450124,point — 8 2*4
claim-1975,evidence-541151,point — 10 2*5
claim-1975,evidence-930592,state territory northernmost point southernmost point easternmost point westernmost point
claim-1975,evidence-182431,point — 20 5*4
claim-1975,evidence-889933,multiple independently produced instrumental datasets confirm 2009–2018 decade 0 93 ± 0 07 °c warmer pre-industrial baseline 1850–1900
claim-1975,evidence-744193,state northernmost point southernmost point easternmost point westernmost point
claim-139,evidence-1080520,four aspects global education universities india might focus global curriculum global faculty global degrees global interaction
claim-139,evidence-1122343,global change research program
claim-139,evidence-417371,accurately global warming mainly human-caused increase global surface temperatures projected continuation climate change includes global warming effects changes precipitation
claim-139,evidence-889933,multiple independently produced instrumental datasets confirm 2009–2018 decade 0 93 ± 0 07 °c warmer pre-industrial baseline 1850–1900
claim-139,evidence-860146,2010 hansen published paper entitled global surface temperature change describing current global temperature analysis
claim-139,evidence-885043,global change research program
claim-2062,evidence-232147,however record surface temperature near-surface temperature 1 5 meter used surface weather observations
claim-2062,evidence-403100,image 2d surface changes surface rotates
claim-2062,evidence-890592,sediment contamination surface water common surface mining
claim-2062,evidence-889933,multiple independently produced instrumental datasets confirm 2009–2018 decade 0 93 ± 0 07 °c warmer pre-industrial baseline 1850–1900
claim-2062,evidence-361245,four surfaces anterior surface orbital superior surface nasal medial surface infratemporal posterior surface
claim-2062,evidence-1182055,much colder conditions actually exist earth surface global mean surface temperature 14 °c
claim-1160,evidence-232147,however record surface temperature near-surface temperature 1 5 meter used surface weather observations
claim-1160,evidence-411279,corvus uk service designation outfit ulc lightweight quick reaction system self-defence surface vessels surface-to-surface air-to-surface missiles
claim-1160,evidence-403100,image 2d surface changes surface rotates
claim-1160,evidence-890592,sediment contamination surface water common surface mining
claim-1160,evidence-889933,multiple independently produced instrumental datasets confirm 2009–2018 decade 0 93 ± 0 07 °c warmer pre-industrial baseline 1850–1900
claim-1160,evidence-361245,four surfaces anterior surface orbital superior surface nasal medial surface infratemporal posterior surface
claim-2679,evidence-232147,however record surface temperature near-surface temperature 1 5 meter used surface weather observations
claim-2679,evidence-890592,sediment contamination surface water common surface mining
claim-2679,evidence-889933,multiple independently produced instrumental datasets confirm 2009–2018 decade 0 93 ± 0 07 °c warmer pre-industrial baseline 1850–1900
claim-2679,evidence-104203,institute research combines analysis comprehensive global datasets derived surface stations combined satellite data ssts global models atmospheric land surface oceanic processes
claim-2679,evidence-361245,four surfaces anterior surface orbital superior surface nasal medial surface infratemporal posterior surface
claim-2679,evidence-1182055,much colder conditions actually exist earth surface global mean surface temperature 14 °c
claim-2662,evidence-988909,paris agreement aims combat global climate change keeping global temperature rise century well 2 degrees celsius pursue efforts limit temperature increase even 1 5 degrees celsius
claim-2662,evidence-668884,co2
claim-2662,evidence-1080520,four aspects global education universities india might focus global curriculum global faculty global degrees global interaction
claim-2662,evidence-98833,due projected growth air travel technologically radical scenarios better 50 chance keeping global warming 2 degrees celsius 2050 aviation make 15 global co2 emissions
claim-2662,evidence-889933,multiple independently produced instrumental datasets confirm 2009–2018 decade 0 93 ± 0 07 °c warmer pre-industrial baseline 1850–1900
claim-2662,evidence-98914,also close correlation co2 temperature co2 strong control global temperatures earth history
claim-1490,evidence-130311,ongoing efforts resolve differences satellite temperature datasets
claim-1490,evidence-844901,work described resulted variety datasets possessing different formats time/space grids periods record regions coverage input datasets analysis procedures well many different forms dataset version designators
claim-1490,evidence-169460,every confidence science various datasets use
claim-1490,evidence-889933,multiple independently produced instrumental datasets confirm 2009–2018 decade 0 93 ± 0 07 °c warmer pre-industrial baseline 1850–1900
claim-1490,evidence-742308,datasets also contribute ongoing efforts measure local regional national impacts climate change
claim-1490,evidence-678783,datasets updated frequently generally close agreement
claim-2768,evidence-232147,however record surface temperature near-surface temperature 1 5 meter used surface weather observations
claim-2768,evidence-169460,every confidence science various datasets use
claim-2768,evidence-889933,multiple independently produced instrumental datasets confirm 2009–2018 decade 0 93 ± 0 07 °c warmer pre-industrial baseline 1850–1900
claim-2768,evidence-104203,institute research combines analysis comprehensive global datasets derived surface stations combined satellite data ssts global models atmospheric land surface oceanic processes
claim-2768,evidence-361245,four surfaces anterior surface orbital superior surface nasal medial surface infratemporal posterior surface
claim-2768,evidence-678783,datasets updated frequently generally close agreement
claim-2168,evidence-413410,greenhouse gas causing warming rate warming higher troposphere surface
claim-2168,evidence-182430,cooling contributed towards recent global warming hiatus surface temperatures would change enhanced surface warming next phase oscillation
claim-2168,evidence-352729,regional variation warming warming higher latitudes evidence warming anthropogenic origin
claim-2168,evidence-403673,global warming 1 5 °c
claim-2168,evidence-889933,multiple independently produced instrumental datasets confirm 2009–2018 decade 0 93 ± 0 07 °c warmer pre-industrial baseline 1850–1900
claim-2168,evidence-769578,greenhouse gas causing warming rate warming higher troposphere surface
claim-785,evidence-668884,co2
claim-785,evidence-247680,know co2 causing warming
claim-785,evidence-178206,additional co2 led projected increase warming 0 1 1 5 °c
claim-785,evidence-403673,global warming 1 5 °c
claim-785,evidence-889933,multiple independently produced instrumental datasets confirm 2009–2018 decade 0 93 ± 0 07 °c warmer pre-industrial baseline 1850–1900
claim-785,evidence-352729,regional variation warming warming higher latitudes evidence warming anthropogenic origin
claim-2426,evidence-232147,however record surface temperature near-surface temperature 1 5 meter used surface weather observations
claim-2426,evidence-924208,despite harsh conditions surface atmospheric pressure temperature 50 km 65 km surface planet nearly earth making upper atmosphere earth-like area solar system even surface mars
claim-2426,evidence-322950,heating atmosphere aloft also leads cooling surface resulting less evaporation surface water
claim-2426,evidence-889933,multiple independently produced instrumental datasets confirm 2009–2018 decade 0 93 ± 0 07 °c warmer pre-industrial baseline 1850–1900
claim-2426,evidence-361245,four surfaces anterior surface orbital superior surface nasal medial surface infratemporal posterior surface
claim-2426,evidence-1149268,soot suspended atmosphere directly absorbs solar radiation heating atmosphere cooling surface
claim-1292,evidence-733076,removal atmosphere
claim-1292,evidence-889933,multiple independently produced instrumental datasets confirm 2009–2018 decade 0 93 ± 0 07 °c warmer pre-industrial baseline 1850–1900
claim-1292,evidence-203457,point shift reducing atmosphere oxidizing atmosphere
claim-1292,evidence-183662,atmosphere many things qualities atmosphere measured
claim-1292,evidence-1177428,temperature atmosphere
claim-1292,evidence-1149268,soot suspended atmosphere directly absorbs solar radiation heating atmosphere cooling surface
claim-993,evidence-68000,celsius family swedish family anders celsius inventor celsius temperature scale belongs
claim-993,evidence-733076,removal atmosphere
claim-993,evidence-889933,multiple independently produced instrumental datasets confirm 2009–2018 decade 0 93 ± 0 07 °c warmer pre-industrial baseline 1850–1900
claim-993,evidence-203457,point shift reducing atmosphere oxidizing atmosphere
claim-993,evidence-183662,atmosphere many things qualities atmosphere measured
claim-993,evidence-1177428,temperature atmosphere
claim-2593,evidence-726293,forcing term used meteorologists describe situation change event one part atmosphere causes strengthening change another part atmosphere
claim-2593,evidence-733076,removal atmosphere
claim-2593,evidence-889933,multiple independently produced instrumental datasets confirm 2009–2018 decade 0 93 ± 0 07 °c warmer pre-industrial baseline 1850–1900
claim-2593,evidence-183662,atmosphere many things qualities atmosphere measured
claim-2593,evidence-1177428,temperature atmosphere
claim-2593,evidence-504215,equation states entropy atmosphere change height
claim-1567,evidence-362283,role solar activity climate change also calculated longer time periods using proxy datasets tree rings
claim-1567,evidence-844901,work described resulted variety datasets possessing different formats time/space grids periods record regions coverage input datasets analysis procedures well many different forms dataset version designators
claim-1567,evidence-169460,every confidence science various datasets use
claim-1567,evidence-889933,multiple independently produced instrumental datasets confirm 2009–2018 decade 0 93 ± 0 07 °c warmer pre-industrial baseline 1850–1900
claim-1567,evidence-742308,datasets also contribute ongoing efforts measure local regional national impacts climate change
claim-1567,evidence-678783,datasets updated frequently generally close agreement
claim-1834,evidence-988909,paris agreement aims combat global climate change keeping global temperature rise century well 2 degrees celsius pursue efforts limit temperature increase even 1 5 degrees celsius
claim-1834,evidence-742972,0 ° c freezing point water celsius scale
claim-1834,evidence-68000,celsius family swedish family anders celsius inventor celsius temperature scale belongs
claim-1834,evidence-889933,multiple independently produced instrumental datasets confirm 2009–2018 decade 0 93 ± 0 07 °c warmer pre-industrial baseline 1850–1900
claim-1834,evidence-1087424,helicobacter typhlonius grow 37 degrees celsius well 42 degrees celsius however cannot grown 25 degrees celsius presence 1 5% sodium chloride
claim-1834,evidence-1191135,1742 anders celsius swedish astronomer proposed centigrade temperature scale predecessor current celsius scale
claim-856,evidence-742972,0 ° c freezing point water celsius scale
claim-856,evidence-68000,celsius family swedish family anders celsius inventor celsius temperature scale belongs
claim-856,evidence-889933,multiple independently produced instrumental datasets confirm 2009–2018 decade 0 93 ± 0 07 °c warmer pre-industrial baseline 1850–1900
claim-856,evidence-508805,nepal temperature risen 0 6 degrees celsius last decade whereas globally earth warmed approximately 0 7 degrees celsius last hundred years
claim-856,evidence-1087424,helicobacter typhlonius grow 37 degrees celsius well 42 degrees celsius however cannot grown 25 degrees celsius presence 1 5% sodium chloride
claim-856,evidence-1191135,1742 anders celsius swedish astronomer proposed centigrade temperature scale predecessor current celsius scale
claim-540,evidence-232147,however record surface temperature near-surface temperature 1 5 meter used surface weather observations
claim-540,evidence-411279,corvus uk service designation outfit ulc lightweight quick reaction system self-defence surface vessels surface-to-surface air-to-surface missiles
claim-540,evidence-403100,image 2d surface changes surface rotates
claim-540,evidence-890592,sediment contamination surface water common surface mining
claim-540,evidence-361245,four surfaces anterior surface orbital superior surface nasal medial surface infratemporal posterior surface
claim-757,evidence-232147,however record surface temperature near-surface temperature 1 5 meter used surface weather observations
claim-757,evidence-169460,every confidence science various datasets use
claim-757,evidence-104203,institute research combines analysis comprehensive global datasets derived surface stations combined satellite data ssts global models atmospheric land surface oceanic processes
claim-757,evidence-361245,four surfaces anterior surface orbital superior surface nasal medial surface infratemporal posterior surface
claim-757,evidence-678783,datasets updated frequently generally close agreement
claim-1407,evidence-130311,ongoing efforts resolve differences satellite temperature datasets
claim-1407,evidence-844901,work described resulted variety datasets possessing different formats time/space grids periods record regions coverage input datasets analysis procedures well many different forms dataset version designators
claim-1407,evidence-169460,every confidence science various datasets use
claim-1407,evidence-889933,multiple independently produced instrumental datasets confirm 2009–2018 decade 0 93 ± 0 07 °c warmer pre-industrial baseline 1850–1900
claim-1407,evidence-742308,datasets also contribute ongoing efforts measure local regional national impacts climate change
claim-1407,evidence-678783,datasets updated frequently generally close agreement
claim-3070,evidence-130311,ongoing efforts resolve differences satellite temperature datasets
claim-3070,evidence-844901,work described resulted variety datasets possessing different formats time/space grids periods record regions coverage input datasets analysis procedures well many different forms dataset version designators
claim-3070,evidence-169460,every confidence science various datasets use
claim-3070,evidence-889933,multiple independently produced instrumental datasets confirm 2009–2018 decade 0 93 ± 0 07 °c warmer pre-industrial baseline 1850–1900
claim-3070,evidence-742308,datasets also contribute ongoing efforts measure local regional national impacts climate change
claim-3070,evidence-678783,datasets updated frequently generally close agreement
claim-1745,evidence-169460,every confidence science various datasets use
claim-1745,evidence-889933,multiple independently produced instrumental datasets confirm 2009–2018 decade 0 93 ± 0 07 °c warmer pre-industrial baseline 1850–1900
claim-1745,evidence-104203,institute research combines analysis comprehensive global datasets derived surface stations combined satellite data ssts global models atmospheric land surface oceanic processes
claim-1745,evidence-361245,four surfaces anterior surface orbital superior surface nasal medial surface infratemporal posterior surface
claim-1745,evidence-742308,datasets also contribute ongoing efforts measure local regional national impacts climate change
claim-1745,evidence-678783,datasets updated frequently generally close agreement
claim-1515,evidence-232147,however record surface temperature near-surface temperature 1 5 meter used surface weather observations
claim-1515,evidence-411279,corvus uk service designation outfit ulc lightweight quick reaction system self-defence surface vessels surface-to-surface air-to-surface missiles
claim-1515,evidence-403100,image 2d surface changes surface rotates
claim-1515,evidence-890592,sediment contamination surface water common surface mining
claim-1515,evidence-889933,multiple independently produced instrumental datasets confirm 2009–2018 decade 0 93 ± 0 07 °c warmer pre-industrial baseline 1850–1900
claim-1515,evidence-361245,four surfaces anterior surface orbital superior surface nasal medial surface infratemporal posterior surface
claim-1519,evidence-232147,however record surface temperature near-surface temperature 1 5 meter used surface weather observations
claim-1519,evidence-668884,co2
claim-1519,evidence-979052,co2 emissions continuing rise due burning fossil fuels land-use change
claim-1519,evidence-889933,multiple independently produced instrumental datasets confirm 2009–2018 decade 0 93 ± 0 07 °c warmer pre-industrial baseline 1850–1900
claim-1519,evidence-361245,four surfaces anterior surface orbital superior surface nasal medial surface infratemporal posterior surface
claim-1519,evidence-831735,alternative fuels known non-conventional advanced fuels materials substances used fuels conventional fuels
claim-3069,evidence-127475,cold spring township erected 1857 taking name cold springs area
claim-3069,evidence-1126083,cold sulphur springs called cold soufrière located near village
claim-3069,evidence-272633,includes studio version ``cold cold water acoustic renditions songs advisory committee album
claim-3069,evidence-1037726,mechanism possibly caused cold ocean surface temperature anomaly currently observed near greenland cold blob north atlantic
claim-3069,evidence-889933,multiple independently produced instrumental datasets confirm 2009–2018 decade 0 93 ± 0 07 °c warmer pre-industrial baseline 1850–1900
claim-3069,evidence-188096,cold spring sometimes spelled cold springs unincorporated community bledsoe county tennessee united states
claim-677,evidence-196416,name change accompanied change group sound
claim-677,evidence-411391,marginal change change associated relaxation tightening constraints — either change constraints change response change constraints
claim-677,evidence-77605,name change due change corporate sponsorship
claim-677,evidence-889933,multiple independently produced instrumental datasets confirm 2009–2018 decade 0 93 ± 0 07 °c warmer pre-industrial baseline 1850–1900
claim-677,evidence-72690,climate change
claim-677,evidence-182543,integrated change management includes updating change request form change originator also tracking change change control register
claim-765,evidence-182543,integrated change management includes updating change request form change originator also tracking change change control register
claim-765,evidence-362283,role solar activity climate change also calculated longer time periods using proxy datasets tree rings
claim-765,evidence-169460,every confidence science various datasets use
claim-765,evidence-889933,multiple independently produced instrumental datasets confirm 2009–2018 decade 0 93 ± 0 07 °c warmer pre-industrial baseline 1850–1900
claim-765,evidence-742308,datasets also contribute ongoing efforts measure local regional national impacts climate change
claim-765,evidence-678783,datasets updated frequently generally close agreement
claim-2275,evidence-362283,role solar activity climate change also calculated longer time periods using proxy datasets tree rings
claim-2275,evidence-844901,work described resulted variety datasets possessing different formats time/space grids periods record regions coverage input datasets analysis procedures well many different forms dataset version designators
claim-2275,evidence-169460,every confidence science various datasets use
claim-2275,evidence-889933,multiple independently produced instrumental datasets confirm 2009–2018 decade 0 93 ± 0 07 °c warmer pre-industrial baseline 1850–1900
claim-2275,evidence-742308,datasets also contribute ongoing efforts measure local regional national impacts climate change
claim-2275,evidence-678783,datasets updated frequently generally close agreement
claim-1113,evidence-196416,name change accompanied change group sound
claim-1113,evidence-411391,marginal change change associated relaxation tightening constraints — either change constraints change response change constraints
claim-1113,evidence-77605,name change due change corporate sponsorship
claim-1113,evidence-889933,multiple independently produced instrumental datasets confirm 2009–2018 decade 0 93 ± 0 07 °c warmer pre-industrial baseline 1850–1900
claim-1113,evidence-72690,climate change
claim-1113,evidence-182543,integrated change management includes updating change request form change originator also tracking change change control register
claim-2611,evidence-232147,however record surface temperature near-surface temperature 1 5 meter used surface weather observations
claim-2611,evidence-411279,corvus uk service designation outfit ulc lightweight quick reaction system self-defence surface vessels surface-to-surface air-to-surface missiles
claim-2611,evidence-403100,image 2d surface changes surface rotates
claim-2611,evidence-890592,sediment contamination surface water common surface mining
claim-2611,evidence-889933,multiple independently produced instrumental datasets confirm 2009–2018 decade 0 93 ± 0 07 °c warmer pre-industrial baseline 1850–1900
claim-2611,evidence-361245,four surfaces anterior surface orbital superior surface nasal medial surface infratemporal posterior surface
claim-2060,evidence-232147,however record surface temperature near-surface temperature 1 5 meter used surface weather observations
claim-2060,evidence-411279,corvus uk service designation outfit ulc lightweight quick reaction system self-defence surface vessels surface-to-surface air-to-surface missiles
claim-2060,evidence-403100,image 2d surface changes surface rotates
claim-2060,evidence-890592,sediment contamination surface water common surface mining
claim-2060,evidence-889933,multiple independently produced instrumental datasets confirm 2009–2018 decade 0 93 ± 0 07 °c warmer pre-industrial baseline 1850–1900
claim-2060,evidence-361245,four surfaces anterior surface orbital superior surface nasal medial surface infratemporal posterior surface
claim-2326,evidence-232147,however record surface temperature near-surface temperature 1 5 meter used surface weather observations
claim-2326,evidence-411279,corvus uk service designation outfit ulc lightweight quick reaction system self-defence surface vessels surface-to-surface air-to-surface missiles
claim-2326,evidence-403100,image 2d surface changes surface rotates
claim-2326,evidence-890592,sediment contamination surface water common surface mining
claim-2326,evidence-889933,multiple independently produced instrumental datasets confirm 2009–2018 decade 0 93 ± 0 07 °c warmer pre-industrial baseline 1850–1900
claim-2326,evidence-361245,four surfaces anterior surface orbital superior surface nasal medial surface infratemporal posterior surface
claim-1087,evidence-232147,however record surface temperature near-surface temperature 1 5 meter used surface weather observations
claim-1087,evidence-403100,image 2d surface changes surface rotates
claim-1087,evidence-890592,sediment contamination surface water common surface mining
claim-1087,evidence-889933,multiple independently produced instrumental datasets confirm 2009–2018 decade 0 93 ± 0 07 °c warmer pre-industrial baseline 1850–1900
claim-1087,evidence-361245,four surfaces anterior surface orbital superior surface nasal medial surface infratemporal posterior surface
claim-1087,evidence-182543,integrated change management includes updating change request form change originator also tracking change change control register
claim-2867,evidence-196416,name change accompanied change group sound
claim-2867,evidence-411391,marginal change change associated relaxation tightening constraints — either change constraints change response change constraints
claim-2867,evidence-77605,name change due change corporate sponsorship
claim-2867,evidence-889933,multiple independently produced instrumental datasets confirm 2009–2018 decade 0 93 ± 0 07 °c warmer pre-industrial baseline 1850–1900
claim-2867,evidence-72690,climate change
claim-2867,evidence-182543,integrated change management includes updating change request form change originator also tracking change change control register
claim-2300,evidence-196416,name change accompanied change group sound
claim-2300,evidence-411391,marginal change change associated relaxation tightening constraints — either change constraints change response change constraints
claim-2300,evidence-77605,name change due change corporate sponsorship
claim-2300,evidence-889933,multiple independently produced instrumental datasets confirm 2009–2018 decade 0 93 ± 0 07 °c warmer pre-industrial baseline 1850–1900
claim-2300,evidence-72690,climate change
claim-2300,evidence-182543,integrated change management includes updating change request form change originator also tracking change change control register
claim-2250,evidence-1170729,atmosphere likely retained gravity subject high temperature atmosphere low
claim-2250,evidence-733076,removal atmosphere
claim-2250,evidence-203457,point shift reducing atmosphere oxidizing atmosphere
claim-2250,evidence-183662,atmosphere many things qualities atmosphere measured
claim-2250,evidence-1177428,temperature atmosphere
claim-2429,evidence-1205623,co2 concentration already released atmosphere since beginning industrialization risen well 300 ppm 415 ppm 2019
claim-2429,evidence-901953,based current rate increase averaging 2 ppm per year greenhouse gas concentrations likely reach 400 ppm 2016 450 ppm 2041 550 ppm around 2091
claim-2429,evidence-715636,estimated solid earth whole contains 730 ppm carbon 2000 ppm core 120 ppm combined mantle crust
claim-2429,evidence-109198,atmospheric carbon dioxide increased 280 ppm 1750 383 ppm 2007 increasing average rate 2 ppm pr year
claim-2429,evidence-805457,glacial–interglacial cycles past million years natural processes varied approximately 100 ppm 180 ppm 280 ppm anthropogenic net emissions increased atmospheric concentration comparable amount 280 ppm holocene pre-industrial equilibrium approximately 400 ppm 2015–2016 monthly monitoring data displaying rising trend 400 ppm
claim-3051,evidence-844466,released beneath surface 2002
claim-3051,evidence-541112,released june 28 2005 j full surface records
claim-3051,evidence-516572,released 1986
claim-3051,evidence-558366,album released 1973 re-released 1990
claim-3051,evidence-809695,released 1986 re-released 1994
claim-1549,evidence-196416,name change accompanied change group sound
claim-1549,evidence-72690,climate change
claim-1549,evidence-1122343,global change research program
claim-1549,evidence-885043,global change research program
claim-1549,evidence-182543,integrated change management includes updating change request form change originator also tracking change change control register
claim-261,evidence-1120350,currently surface temperatures rising 0 2 °c per decade
claim-261,evidence-225290,land air temperatures rising faster sea surface temperatures
claim-261,evidence-556196,temperatures low
claim-261,evidence-820551,equatorial pacific atlantic cool surface temperatures northern summer east cooler surface temperatures prevail western indian ocean
claim-261,evidence-329101,instrumental temperature record provides temperature earth climate system historical network situ measurements surface air temperatures ocean surface temperatures
claim-2230,evidence-232147,however record surface temperature near-surface temperature 1 5 meter used surface weather observations
claim-2230,evidence-844466,released beneath surface 2002
claim-2230,evidence-225290,land air temperatures rising faster sea surface temperatures
claim-2230,evidence-820551,equatorial pacific atlantic cool surface temperatures northern summer east cooler surface temperatures prevail western indian ocean
claim-2230,evidence-361245,four surfaces anterior surface orbital superior surface nasal medial surface infratemporal posterior surface
claim-2579,evidence-232147,however record surface temperature near-surface temperature 1 5 meter used surface weather observations
claim-2579,evidence-403100,image 2d surface changes surface rotates
claim-2579,evidence-844466,released beneath surface 2002
claim-2579,evidence-890592,sediment contamination surface water common surface mining
claim-2579,evidence-361245,four surfaces anterior surface orbital superior surface nasal medial surface infratemporal posterior surface
claim-1416,evidence-657129,album originally released 1971 re-released 1990
claim-1416,evidence-844466,released beneath surface 2002
claim-1416,evidence-516572,released 1986
claim-1416,evidence-558366,album released 1973 re-released 1990
claim-1416,evidence-809695,released 1986 re-released 1994
claim-2497,evidence-1122343,global change research program
claim-2497,evidence-50590,global change research program usgcrp analyzes effects global change natural environment agriculture energy production use land water resources transportation human health welfare human social systems biological diversity analyzes current trends global change human-induced natural projects major trends subsequent 25 100 years
claim-2497,evidence-724010,global change research program concluded [global] warming unequivocal primarily human-induced
claim-2497,evidence-885043,global change research program
claim-2497,evidence-182543,integrated change management includes updating change request form change originator also tracking change change control register
claim-811,evidence-922144,june 2009 ccsp changed name united states global change research program released unified synthesis report entitled global climate change impacts united states
claim-811,evidence-1122343,global change research program
claim-811,evidence-519034,ccsp known us global change research program 2002 authorized global change research act 1990
claim-811,evidence-1020939,change attributed increasingly cold winters arctic stratosphere altitude approximately 20 km 12 mi change associated global warming relationship still investigation
claim-811,evidence-885043,global change research program
claim-1896,evidence-1085806,another election 1974 resulted little change
claim-1896,evidence-125085,however little change made many parts world
claim-1896,evidence-1122343,global change research program
claim-1896,evidence-885043,global change research program
claim-1896,evidence-182543,integrated change management includes updating change request form change originator also tracking change change control register
claim-2819,evidence-196416,name change accompanied change group sound
claim-2819,evidence-72690,climate change
claim-2819,evidence-1122343,global change research program
claim-2819,evidence-885043,global change research program
claim-2819,evidence-182543,integrated change management includes updating change request form change originator also tracking change change control register
claim-2643,evidence-922144,june 2009 ccsp changed name united states global change research program released unified synthesis report entitled global climate change impacts united states
claim-2643,evidence-1122343,global change research program
claim-2643,evidence-519034,ccsp known us global change research program 2002 authorized global change research act 1990
claim-2643,evidence-885043,global change research program
claim-2643,evidence-182543,integrated change management includes updating change request form change originator also tracking change change control register
claim-1775,evidence-765194,currently half carbon dioxide released burning fossil fuels remains atmosphere absorbed vegetation oceans
claim-1775,evidence-946483,carbon dioxide rock released atmosphere
claim-1775,evidence-844466,released beneath surface 2002
claim-1775,evidence-541112,released june 28 2005 j full surface records
claim-1775,evidence-809695,released 1986 re-released 1994
claim-316,evidence-232147,however record surface temperature near-surface temperature 1 5 meter used surface weather observations
claim-316,evidence-403100,image 2d surface changes surface rotates
claim-316,evidence-844466,released beneath surface 2002
claim-316,evidence-890592,sediment contamination surface water common surface mining
claim-316,evidence-361245,four surfaces anterior surface orbital superior surface nasal medial surface infratemporal posterior surface
claim-896,evidence-232147,however record surface temperature near-surface temperature 1 5 meter used surface weather observations
claim-896,evidence-844466,released beneath surface 2002
claim-896,evidence-541112,released june 28 2005 j full surface records
claim-896,evidence-361245,four surfaces anterior surface orbital superior surface nasal medial surface infratemporal posterior surface
claim-896,evidence-1182055,much colder conditions actually exist earth surface global mean surface temperature 14 °c
claim-331,evidence-232147,however record surface temperature near-surface temperature 1 5 meter used surface weather observations
claim-331,evidence-842998,public received well little little spread
claim-331,evidence-517510,anna little ann little annie little may refer
claim-331,evidence-361245,four surfaces anterior surface orbital superior surface nasal medial surface infratemporal posterior surface
claim-331,evidence-898639,little known species
claim-2574,evidence-842998,public received well little little spread
claim-2574,evidence-517510,anna little ann little annie little may refer
claim-2574,evidence-361245,four surfaces anterior surface orbital superior surface nasal medial surface infratemporal posterior surface
claim-2574,evidence-644211,little film survives little 60 seconds
claim-2574,evidence-898639,little known species
claim-342,evidence-466701,little known relationship
claim-342,evidence-842998,public received well little little spread
claim-342,evidence-517510,anna little ann little annie little may refer
claim-342,evidence-644211,little film survives little 60 seconds
claim-342,evidence-898639,little known species
claim-2034,evidence-232147,however record surface temperature near-surface temperature 1 5 meter used surface weather observations
claim-2034,evidence-844466,released beneath surface 2002
claim-2034,evidence-890592,sediment contamination surface water common surface mining
claim-2034,evidence-361245,four surfaces anterior surface orbital superior surface nasal medial surface infratemporal posterior surface
claim-2034,evidence-1182055,much colder conditions actually exist earth surface global mean surface temperature 14 °c
claim-578,evidence-844466,released beneath surface 2002
claim-578,evidence-225290,land air temperatures rising faster sea surface temperatures
claim-578,evidence-558366,album released 1973 re-released 1990
claim-578,evidence-809695,released 1986 re-released 1994
claim-578,evidence-88078,band released four singles album ``all ``little late ``turn ``supposed released exclusively canada
claim-976,evidence-196416,name change accompanied change group sound
claim-976,evidence-1085806,another election 1974 resulted little change
claim-976,evidence-125085,however little change made many parts world
claim-976,evidence-72690,climate change
claim-976,evidence-182543,integrated change management includes updating change request form change originator also tracking change change control register
claim-1097,evidence-196416,name change accompanied change group sound
claim-1097,evidence-1085806,another election 1974 resulted little change
claim-1097,evidence-125085,however little change made many parts world
claim-1097,evidence-72690,climate change
claim-1097,evidence-182543,integrated change management includes updating change request form change originator also tracking change change control register
claim-609,evidence-657129,album originally released 1971 re-released 1990
claim-609,evidence-334887,1 one released single
claim-609,evidence-516572,released 1986
claim-609,evidence-558366,album released 1973 re-released 1990
claim-609,evidence-809695,released 1986 re-released 1994
claim-173,evidence-1120350,currently surface temperatures rising 0 2 °c per decade
claim-173,evidence-225290,land air temperatures rising faster sea surface temperatures
claim-173,evidence-817759,scientific literature strong consensus global surface temperatures increased recent decades trend caused human-induced emissions greenhouse gases
claim-173,evidence-820551,equatorial pacific atlantic cool surface temperatures northern summer east cooler surface temperatures prevail western indian ocean
claim-173,evidence-329101,instrumental temperature record provides temperature earth climate system historical network situ measurements surface air temperatures ocean surface temperatures
claim-1222,evidence-657129,album originally released 1971 re-released 1990
claim-1222,evidence-334887,1 one released single
claim-1222,evidence-516572,released 1986
claim-1222,evidence-558366,album released 1973 re-released 1990
claim-1222,evidence-809695,released 1986 re-released 1994
claim-2441,evidence-722375,induced aggravated human activities e g
claim-2441,evidence-620111,analogy made athlete steroids human-induced climate change
claim-2441,evidence-143084,human-induced warming climate expected continue throughout 21st century beyond
claim-2441,evidence-865377,penetration human-induced warming world oceans
claim-2441,evidence-932693,film conclusion emphasises scientific consensus human-induced climate change
claim-756,evidence-722375,induced aggravated human activities e g
claim-756,evidence-620111,analogy made athlete steroids human-induced climate change
claim-756,evidence-143084,human-induced warming climate expected continue throughout 21st century beyond
claim-756,evidence-865377,penetration human-induced warming world oceans
claim-756,evidence-932693,film conclusion emphasises scientific consensus human-induced climate change
claim-2577,evidence-971038,harrana climate much like parts country influenced moderate mediterranean climate west hot sahara climate east cold european climate north
claim-2577,evidence-844466,released beneath surface 2002
claim-2577,evidence-943532,example climate model simulations last century include major influences climate human-induced natural reproduce many important features observed climate change patterns
claim-2577,evidence-322303,climate also referred mountain climate highland climate
claim-2577,evidence-537999,vermont cold climate viticulture
claim-2890,evidence-232147,however record surface temperature near-surface temperature 1 5 meter used surface weather observations
claim-2890,evidence-411279,corvus uk service designation outfit ulc lightweight quick reaction system self-defence surface vessels surface-to-surface air-to-surface missiles
claim-2890,evidence-403100,image 2d surface changes surface rotates
claim-2890,evidence-890592,sediment contamination surface water common surface mining
claim-2890,evidence-361245,four surfaces anterior surface orbital superior surface nasal medial surface infratemporal posterior surface
claim-2478,evidence-232147,however record surface temperature near-surface temperature 1 5 meter used surface weather observations
claim-2478,evidence-411279,corvus uk service designation outfit ulc lightweight quick reaction system self-defence surface vessels surface-to-surface air-to-surface missiles
claim-2478,evidence-403100,image 2d surface changes surface rotates
claim-2478,evidence-890592,sediment contamination surface water common surface mining
claim-2478,evidence-361245,four surfaces anterior surface orbital superior surface nasal medial surface infratemporal posterior surface
claim-2399,evidence-232147,however record surface temperature near-surface temperature 1 5 meter used surface weather observations
claim-2399,evidence-411279,corvus uk service designation outfit ulc lightweight quick reaction system self-defence surface vessels surface-to-surface air-to-surface missiles
claim-2399,evidence-403100,image 2d surface changes surface rotates
claim-2399,evidence-890592,sediment contamination surface water common surface mining
claim-2399,evidence-361245,four surfaces anterior surface orbital superior surface nasal medial surface infratemporal posterior surface
claim-3091,evidence-232147,however record surface temperature near-surface temperature 1 5 meter used surface weather observations
claim-3091,evidence-403100,image 2d surface changes surface rotates
claim-3091,evidence-890592,sediment contamination surface water common surface mining
claim-3091,evidence-719989,humans also cause surface water lost e
claim-3091,evidence-361245,four surfaces anterior surface orbital superior surface nasal medial surface infratemporal posterior surface
claim-141,evidence-722375,induced aggravated human activities e g
claim-141,evidence-913789,2012 attributed 2010 moscow 2011 texas heat waves human-induced global warming
claim-141,evidence-19385,vahrenholt belongs minority skeptical human-induced global warming
claim-141,evidence-724010,global change research program concluded [global] warming unequivocal primarily human-induced
claim-141,evidence-865377,penetration human-induced warming world oceans
claim-1933,evidence-722375,induced aggravated human activities e g
claim-1933,evidence-913789,2012 attributed 2010 moscow 2011 texas heat waves human-induced global warming
claim-1933,evidence-19385,vahrenholt belongs minority skeptical human-induced global warming
claim-1933,evidence-724010,global change research program concluded [global] warming unequivocal primarily human-induced
claim-1933,evidence-865377,penetration human-induced warming world oceans
claim-1689,evidence-722375,induced aggravated human activities e g
claim-1689,evidence-913789,2012 attributed 2010 moscow 2011 texas heat waves human-induced global warming
claim-1689,evidence-19385,vahrenholt belongs minority skeptical human-induced global warming
claim-1689,evidence-724010,global change research program concluded [global] warming unequivocal primarily human-induced
claim-1689,evidence-865377,penetration human-induced warming world oceans
claim-443,evidence-722375,induced aggravated human activities e g
claim-443,evidence-842998,public received well little little spread
claim-443,evidence-517510,anna little ann little annie little may refer
claim-443,evidence-644211,little film survives little 60 seconds
claim-443,evidence-898639,little known species
claim-2037,evidence-1170010,unanimous agreement found among models future climate change reduce efficiency land ocean carbon cycle absorb human-induced co result larger fraction human-induced co stay airborne climate change controls carbon cycle
claim-2037,evidence-722375,induced aggravated human activities e g
claim-2037,evidence-620111,analogy made athlete steroids human-induced climate change
claim-2037,evidence-143084,human-induced warming climate expected continue throughout 21st century beyond
claim-2037,evidence-932693,film conclusion emphasises scientific consensus human-induced climate change
claim-1734,evidence-232147,however record surface temperature near-surface temperature 1 5 meter used surface weather observations
claim-1734,evidence-722375,induced aggravated human activities e g
claim-1734,evidence-620111,analogy made athlete steroids human-induced climate change
claim-1734,evidence-143084,human-induced warming climate expected continue throughout 21st century beyond
claim-1734,evidence-361245,four surfaces anterior surface orbital superior surface nasal medial surface infratemporal posterior surface
claim-2093,evidence-722375,induced aggravated human activities e g
claim-2093,evidence-620111,analogy made athlete steroids human-induced climate change
claim-2093,evidence-143084,human-induced warming climate expected continue throughout 21st century beyond
claim-2093,evidence-865377,penetration human-induced warming world oceans
claim-2093,evidence-932693,film conclusion emphasises scientific consensus human-induced climate change
claim-1400,evidence-722375,induced aggravated human activities e g
claim-1400,evidence-913789,2012 attributed 2010 moscow 2011 texas heat waves human-induced global warming
claim-1400,evidence-19385,vahrenholt belongs minority skeptical human-induced global warming
claim-1400,evidence-724010,global change research program concluded [global] warming unequivocal primarily human-induced
claim-1400,evidence-865377,penetration human-induced warming world oceans
claim-1638,evidence-722375,induced aggravated human activities e g
claim-1638,evidence-913789,2012 attributed 2010 moscow 2011 texas heat waves human-induced global warming
claim-1638,evidence-724010,global change research program concluded [global] warming unequivocal primarily human-induced
claim-1638,evidence-865377,penetration human-induced warming world oceans
claim-1638,evidence-517510,anna little ann little annie little may refer
claim-3075,evidence-466701,little known relationship
claim-3075,evidence-842998,public received well little little spread
claim-3075,evidence-517510,anna little ann little annie little may refer
claim-3075,evidence-644211,little film survives little 60 seconds
claim-3075,evidence-898639,little known species
claim-38,evidence-722375,induced aggravated human activities e g
claim-38,evidence-620111,analogy made athlete steroids human-induced climate change
claim-38,evidence-913789,2012 attributed 2010 moscow 2011 texas heat waves human-induced global warming
claim-38,evidence-724010,global change research program concluded [global] warming unequivocal primarily human-induced
claim-38,evidence-865377,penetration human-induced warming world oceans
claim-1643,evidence-722375,induced aggravated human activities e g
claim-1643,evidence-913789,2012 attributed 2010 moscow 2011 texas heat waves human-induced global warming
claim-1643,evidence-19385,vahrenholt belongs minority skeptical human-induced global warming
claim-1643,evidence-724010,global change research program concluded [global] warming unequivocal primarily human-induced
claim-1643,evidence-865377,penetration human-induced warming world oceans
claim-1259,evidence-722375,induced aggravated human activities e g
claim-1259,evidence-724010,global change research program concluded [global] warming unequivocal primarily human-induced
claim-1259,evidence-817759,scientific literature strong consensus global surface temperatures increased recent decades trend caused human-induced emissions greenhouse gases
claim-1259,evidence-361245,four surfaces anterior surface orbital superior surface nasal medial surface infratemporal posterior surface
claim-1259,evidence-742898,scientific literature overwhelming consensus global surface temperatures increased recent decades trend caused mainly human-induced emissions greenhouse gases
claim-1605,evidence-722375,induced aggravated human activities e g
claim-1605,evidence-620111,analogy made athlete steroids human-induced climate change
claim-1605,evidence-143084,human-induced warming climate expected continue throughout 21st century beyond
claim-1605,evidence-865377,penetration human-induced warming world oceans
claim-1605,evidence-932693,film conclusion emphasises scientific consensus human-induced climate change
claim-1711,evidence-722375,induced aggravated human activities e g
claim-1711,evidence-620111,analogy made athlete steroids human-induced climate change
claim-1711,evidence-143084,human-induced warming climate expected continue throughout 21st century beyond
claim-1711,evidence-865377,penetration human-induced warming world oceans
claim-1711,evidence-932693,film conclusion emphasises scientific consensus human-induced climate change
claim-2236,evidence-722375,induced aggravated human activities e g
claim-2236,evidence-620111,analogy made athlete steroids human-induced climate change
claim-2236,evidence-143084,human-induced warming climate expected continue throughout 21st century beyond
claim-2236,evidence-865377,penetration human-induced warming world oceans
claim-2236,evidence-932693,film conclusion emphasises scientific consensus human-induced climate change
claim-1040,evidence-722375,induced aggravated human activities e g
claim-1040,evidence-620111,analogy made athlete steroids human-induced climate change
claim-1040,evidence-143084,human-induced warming climate expected continue throughout 21st century beyond
claim-1040,evidence-865377,penetration human-induced warming world oceans
claim-1040,evidence-932693,film conclusion emphasises scientific consensus human-induced climate change
claim-392,evidence-722375,induced aggravated human activities e g
claim-392,evidence-620111,analogy made athlete steroids human-induced climate change
claim-392,evidence-143084,human-induced warming climate expected continue throughout 21st century beyond
claim-392,evidence-865377,penetration human-induced warming world oceans
claim-392,evidence-932693,film conclusion emphasises scientific consensus human-induced climate change
claim-368,evidence-722375,induced aggravated human activities e g
claim-368,evidence-620111,analogy made athlete steroids human-induced climate change
claim-368,evidence-143084,human-induced warming climate expected continue throughout 21st century beyond
claim-368,evidence-865377,penetration human-induced warming world oceans
claim-368,evidence-932693,film conclusion emphasises scientific consensus human-induced climate change
claim-559,evidence-722375,induced aggravated human activities e g
claim-559,evidence-620111,analogy made athlete steroids human-induced climate change
claim-559,evidence-143084,human-induced warming climate expected continue throughout 21st century beyond
claim-559,evidence-865377,penetration human-induced warming world oceans
claim-559,evidence-932693,film conclusion emphasises scientific consensus human-induced climate change
claim-2583,evidence-722375,induced aggravated human activities e g
claim-2583,evidence-620111,analogy made athlete steroids human-induced climate change
claim-2583,evidence-143084,human-induced warming climate expected continue throughout 21st century beyond
claim-2583,evidence-865377,penetration human-induced warming world oceans
claim-2583,evidence-971588,rational desires induced many things desire see get told induced believe good
claim-2609,evidence-722375,induced aggravated human activities e g
claim-2609,evidence-620111,analogy made athlete steroids human-induced climate change
claim-2609,evidence-143084,human-induced warming climate expected continue throughout 21st century beyond
claim-2609,evidence-865377,penetration human-induced warming world oceans
claim-2609,evidence-699212,cumulative anthropogenic e human-emitted emissions co 2 fossil fuel use major cause global warming give indication countries contributed human-induced climate change
claim-492,evidence-722375,induced aggravated human activities e g
claim-492,evidence-307834,study nature climates – local regional global – natural human-induced factors cause climates change
claim-492,evidence-540292,global warming contributes 0 6°c
claim-492,evidence-865377,penetration human-induced warming world oceans
claim-492,evidence-699212,cumulative anthropogenic e human-emitted emissions co 2 fossil fuel use major cause global warming give indication countries contributed human-induced climate change
claim-1420,evidence-722375,induced aggravated human activities e g
claim-1420,evidence-620111,analogy made athlete steroids human-induced climate change
claim-1420,evidence-143084,human-induced warming climate expected continue throughout 21st century beyond
claim-1420,evidence-865377,penetration human-induced warming world oceans
claim-1420,evidence-699212,cumulative anthropogenic e human-emitted emissions co 2 fossil fuel use major cause global warming give indication countries contributed human-induced climate change
claim-1089,evidence-800613,release part series singles released cold cave 2013
claim-1089,evidence-742972,0 ° c freezing point water celsius scale
claim-1089,evidence-68000,celsius family swedish family anders celsius inventor celsius temperature scale belongs
claim-1089,evidence-1087424,helicobacter typhlonius grow 37 degrees celsius well 42 degrees celsius however cannot grown 25 degrees celsius presence 1 5% sodium chloride
claim-1089,evidence-1191135,1742 anders celsius swedish astronomer proposed centigrade temperature scale predecessor current celsius scale
claim-1467,evidence-722375,induced aggravated human activities e g
claim-1467,evidence-620111,analogy made athlete steroids human-induced climate change
claim-1467,evidence-143084,human-induced warming climate expected continue throughout 21st century beyond
claim-1467,evidence-865377,penetration human-induced warming world oceans
claim-1467,evidence-971588,rational desires induced many things desire see get told induced believe good
claim-444,evidence-722375,induced aggravated human activities e g
claim-444,evidence-620111,analogy made athlete steroids human-induced climate change
claim-444,evidence-143084,human-induced warming climate expected continue throughout 21st century beyond
claim-444,evidence-865377,penetration human-induced warming world oceans
claim-444,evidence-932693,film conclusion emphasises scientific consensus human-induced climate change
claim-803,evidence-1170010,unanimous agreement found among models future climate change reduce efficiency land ocean carbon cycle absorb human-induced co result larger fraction human-induced co stay airborne climate change controls carbon cycle
claim-803,evidence-722375,induced aggravated human activities e g
claim-803,evidence-620111,analogy made athlete steroids human-induced climate change
claim-803,evidence-865377,penetration human-induced warming world oceans
claim-803,evidence-932693,film conclusion emphasises scientific consensus human-induced climate change
claim-1668,evidence-722375,induced aggravated human activities e g
claim-1668,evidence-620111,analogy made athlete steroids human-induced climate change
claim-1668,evidence-143084,human-induced warming climate expected continue throughout 21st century beyond
claim-1668,evidence-865377,penetration human-induced warming world oceans
claim-1668,evidence-971588,rational desires induced many things desire see get told induced believe good
claim-742,evidence-722375,induced aggravated human activities e g
claim-742,evidence-620111,analogy made athlete steroids human-induced climate change
claim-742,evidence-143084,human-induced warming climate expected continue throughout 21st century beyond
claim-742,evidence-865377,penetration human-induced warming world oceans
claim-742,evidence-971588,rational desires induced many things desire see get told induced believe good
claim-846,evidence-722375,induced aggravated human activities e g
claim-846,evidence-620111,analogy made athlete steroids human-induced climate change
claim-846,evidence-143084,human-induced warming climate expected continue throughout 21st century beyond
claim-846,evidence-865377,penetration human-induced warming world oceans
claim-846,evidence-971588,rational desires induced many things desire see get told induced believe good
claim-2119,evidence-722375,induced aggravated human activities e g
claim-2119,evidence-620111,analogy made athlete steroids human-induced climate change
claim-2119,evidence-143084,human-induced warming climate expected continue throughout 21st century beyond
claim-2119,evidence-865377,penetration human-induced warming world oceans
claim-2119,evidence-971588,rational desires induced many things desire see get told induced believe good
claim-1167,evidence-722375,induced aggravated human activities e g
claim-1167,evidence-620111,analogy made athlete steroids human-induced climate change
claim-1167,evidence-143084,human-induced warming climate expected continue throughout 21st century beyond
claim-1167,evidence-865377,penetration human-induced warming world oceans
claim-1167,evidence-971588,rational desires induced many things desire see get told induced believe good
claim-623,evidence-722375,induced aggravated human activities e g
claim-623,evidence-620111,analogy made athlete steroids human-induced climate change
claim-623,evidence-143084,human-induced warming climate expected continue throughout 21st century beyond
claim-623,evidence-865377,penetration human-induced warming world oceans
claim-623,evidence-971588,rational desires induced many things desire see get told induced believe good
claim-2882,evidence-722375,induced aggravated human activities e g
claim-2882,evidence-620111,analogy made athlete steroids human-induced climate change
claim-2882,evidence-143084,human-induced warming climate expected continue throughout 21st century beyond
claim-2882,evidence-865377,penetration human-induced warming world oceans
claim-2882,evidence-932693,film conclusion emphasises scientific consensus human-induced climate change
claim-1698,evidence-722375,induced aggravated human activities e g
claim-1698,evidence-620111,analogy made athlete steroids human-induced climate change
claim-1698,evidence-143084,human-induced warming climate expected continue throughout 21st century beyond
claim-1698,evidence-865377,penetration human-induced warming world oceans
claim-1698,evidence-932693,film conclusion emphasises scientific consensus human-induced climate change
claim-181,evidence-722375,induced aggravated human activities e g
claim-181,evidence-620111,analogy made athlete steroids human-induced climate change
claim-181,evidence-143084,human-induced warming climate expected continue throughout 21st century beyond
claim-181,evidence-865377,penetration human-induced warming world oceans
claim-181,evidence-971588,rational desires induced many things desire see get told induced believe good
claim-281,evidence-722375,induced aggravated human activities e g
claim-281,evidence-620111,analogy made athlete steroids human-induced climate change
claim-281,evidence-143084,human-induced warming climate expected continue throughout 21st century beyond
claim-281,evidence-865377,penetration human-induced warming world oceans
claim-281,evidence-971588,rational desires induced many things desire see get told induced believe good
claim-2809,evidence-722375,induced aggravated human activities e g
claim-2809,evidence-620111,analogy made athlete steroids human-induced climate change
claim-2809,evidence-143084,human-induced warming climate expected continue throughout 21st century beyond
claim-2809,evidence-865377,penetration human-induced warming world oceans
claim-2809,evidence-971588,rational desires induced many things desire see get told induced believe good
claim-1928,evidence-722375,induced aggravated human activities e g
claim-1928,evidence-620111,analogy made athlete steroids human-induced climate change
claim-1928,evidence-143084,human-induced warming climate expected continue throughout 21st century beyond
claim-1928,evidence-865377,penetration human-induced warming world oceans
claim-1928,evidence-971588,rational desires induced many things desire see get told induced believe good
claim-2787,evidence-722375,induced aggravated human activities e g
claim-2787,evidence-620111,analogy made athlete steroids human-induced climate change
claim-2787,evidence-143084,human-induced warming climate expected continue throughout 21st century beyond
claim-2787,evidence-865377,penetration human-induced warming world oceans
claim-2787,evidence-971588,rational desires induced many things desire see get told induced believe good
claim-478,evidence-722375,induced aggravated human activities e g
claim-478,evidence-620111,analogy made athlete steroids human-induced climate change
claim-478,evidence-143084,human-induced warming climate expected continue throughout 21st century beyond
claim-478,evidence-865377,penetration human-induced warming world oceans
claim-478,evidence-971588,rational desires induced many things desire see get told induced believe good
claim-988,evidence-722375,induced aggravated human activities e g
claim-988,evidence-620111,analogy made athlete steroids human-induced climate change
claim-988,evidence-143084,human-induced warming climate expected continue throughout 21st century beyond
claim-988,evidence-865377,penetration human-induced warming world oceans
claim-988,evidence-971588,rational desires induced many things desire see get told induced believe good
claim-266,evidence-722375,induced aggravated human activities e g
claim-266,evidence-620111,analogy made athlete steroids human-induced climate change
claim-266,evidence-143084,human-induced warming climate expected continue throughout 21st century beyond
claim-266,evidence-865377,penetration human-induced warming world oceans
claim-266,evidence-971588,rational desires induced many things desire see get told induced believe good
claim-2282,evidence-722375,induced aggravated human activities e g
claim-2282,evidence-620111,analogy made athlete steroids human-induced climate change
claim-2282,evidence-143084,human-induced warming climate expected continue throughout 21st century beyond
claim-2282,evidence-865377,penetration human-induced warming world oceans
claim-2282,evidence-699212,cumulative anthropogenic e human-emitted emissions co 2 fossil fuel use major cause global warming give indication countries contributed human-induced climate change
claim-2895,evidence-985657,cause unknown
claim-2895,evidence-127475,cold spring township erected 1857 taking name cold springs area
claim-2895,evidence-1126083,cold sulphur springs called cold soufrière located near village
claim-2895,evidence-340555,conversely cold cause plant bio-cycles lag
claim-2895,evidence-272633,includes studio version ``cold cold water acoustic renditions songs advisory committee album
claim-349,evidence-722375,induced aggravated human activities e g
claim-349,evidence-768881,tropical glaciers uncommon glaciers variety reasons
claim-349,evidence-865377,penetration human-induced warming world oceans
claim-349,evidence-817759,scientific literature strong consensus global surface temperatures increased recent decades trend caused human-induced emissions greenhouse gases
claim-349,evidence-595732,also several interesting surface features including crevasses table top forms large surface boulders left stranded glaciers surface
claim-2101,evidence-917580,mountain covered glaciers
claim-2101,evidence-266501,examination 32 outlet glaciers southeast greenland indicates acceleration significant marine-terminating outlet glaciers—glaciers calve ocean
claim-2101,evidence-212120,2005 aerial survey alaskan coastal glaciers identified dozen glaciers many former tidewater calving glaciers including grand plateau alsek bear excelsior glaciers rapidly retreating
claim-2101,evidence-768881,tropical glaciers uncommon glaciers variety reasons
claim-2101,evidence-595732,also several interesting surface features including crevasses table top forms large surface boulders left stranded glaciers surface
claim-897,evidence-917580,mountain covered glaciers
claim-897,evidence-722375,induced aggravated human activities e g
claim-897,evidence-212120,2005 aerial survey alaskan coastal glaciers identified dozen glaciers many former tidewater calving glaciers including grand plateau alsek bear excelsior glaciers rapidly retreating
claim-897,evidence-865377,penetration human-induced warming world oceans
claim-897,evidence-768881,tropical glaciers uncommon glaciers variety reasons
claim-3063,evidence-722375,induced aggravated human activities e g
claim-3063,evidence-620111,analogy made athlete steroids human-induced climate change
claim-3063,evidence-143084,human-induced warming climate expected continue throughout 21st century beyond
claim-3063,evidence-768881,tropical glaciers uncommon glaciers variety reasons
claim-3063,evidence-865377,penetration human-induced warming world oceans
claim-386,evidence-917580,mountain covered glaciers
claim-386,evidence-266501,examination 32 outlet glaciers southeast greenland indicates acceleration significant marine-terminating outlet glaciers—glaciers calve ocean
claim-386,evidence-705259,shaped ice age glaciers
claim-386,evidence-212120,2005 aerial survey alaskan coastal glaciers identified dozen glaciers many former tidewater calving glaciers including grand plateau alsek bear excelsior glaciers rapidly retreating
claim-386,evidence-768881,tropical glaciers uncommon glaciers variety reasons
claim-2691,evidence-722375,induced aggravated human activities e g
claim-2691,evidence-620111,analogy made athlete steroids human-induced climate change
claim-2691,evidence-143084,human-induced warming climate expected continue throughout 21st century beyond
claim-2691,evidence-865377,penetration human-induced warming world oceans
claim-2691,evidence-971588,rational desires induced many things desire see get told induced believe good
claim-530,evidence-917580,mountain covered glaciers
claim-530,evidence-722375,induced aggravated human activities e g
claim-530,evidence-212120,2005 aerial survey alaskan coastal glaciers identified dozen glaciers many former tidewater calving glaciers including grand plateau alsek bear excelsior glaciers rapidly retreating
claim-530,evidence-865377,penetration human-induced warming world oceans
claim-530,evidence-889933,multiple independently produced instrumental datasets confirm 2009–2018 decade 0 93 ± 0 07 °c warmer pre-industrial baseline 1850–1900
claim-530,evidence-768881,tropical glaciers uncommon glaciers variety reasons
claim-2979,evidence-889933,multiple independently produced instrumental datasets confirm 2009–2018 decade 0 93 ± 0 07 °c warmer pre-industrial baseline 1850–1900
claim-2979,evidence-1043958,increase number objectives trying achieve also increase number constraints problem similarly increase complexity
claim-2979,evidence-934030,second line two thirds curved upper third interrupted middle vertical two thirds inner margin lower third
claim-2979,evidence-384760,proposal increase number representatives one three approved requisite two-thirds majority passed
claim-2979,evidence-323541,increase temperatures worldwide due climate change increase flooding unavoidable
claim-2979,evidence-38396,last 100 years earth average surface temperature increased 0 8 °c 1 4 °f two thirds increase occurring last three decades
claim-665,evidence-917580,mountain covered glaciers
claim-665,evidence-719989,humans also cause surface water lost e
claim-665,evidence-212120,2005 aerial survey alaskan coastal glaciers identified dozen glaciers many former tidewater calving glaciers including grand plateau alsek bear excelsior glaciers rapidly retreating
claim-665,evidence-768881,tropical glaciers uncommon glaciers variety reasons
claim-665,evidence-595732,also several interesting surface features including crevasses table top forms large surface boulders left stranded glaciers surface
claim-199,evidence-280055,studies found increase sea surface temperature may offset increase wind shear leading little change hurricane activity
claim-199,evidence-476145,however increase awareness always result increase perceived threat
claim-199,evidence-1043958,increase number objectives trying achieve also increase number constraints problem similarly increase complexity
claim-199,evidence-89318,rate would increase amount cost living increase applied social security
claim-199,evidence-323541,increase temperatures worldwide due climate change increase flooding unavoidable
claim-490,evidence-917580,mountain covered glaciers
claim-490,evidence-722375,induced aggravated human activities e g
claim-490,evidence-216073,small temperature increase degrees almost immediate adverse effect tropical glaciers
claim-490,evidence-212120,2005 aerial survey alaskan coastal glaciers identified dozen glaciers many former tidewater calving glaciers including grand plateau alsek bear excelsior glaciers rapidly retreating
claim-490,evidence-768881,tropical glaciers uncommon glaciers variety reasons
claim-2400,evidence-917580,mountain covered glaciers
claim-2400,evidence-722375,induced aggravated human activities e g
claim-2400,evidence-212120,2005 aerial survey alaskan coastal glaciers identified dozen glaciers many former tidewater calving glaciers including grand plateau alsek bear excelsior glaciers rapidly retreating
claim-2400,evidence-865377,penetration human-induced warming world oceans
claim-2400,evidence-768881,tropical glaciers uncommon glaciers variety reasons
claim-204,evidence-722375,induced aggravated human activities e g
claim-204,evidence-216073,small temperature increase degrees almost immediate adverse effect tropical glaciers
claim-204,evidence-768881,tropical glaciers uncommon glaciers variety reasons
claim-204,evidence-1043958,increase number objectives trying achieve also increase number constraints problem similarly increase complexity
claim-204,evidence-476145,however increase awareness always result increase perceived threat
claim-1426,evidence-722375,induced aggravated human activities e g
claim-1426,evidence-620111,analogy made athlete steroids human-induced climate change
claim-1426,evidence-143084,human-induced warming climate expected continue throughout 21st century beyond
claim-1426,evidence-865377,penetration human-induced warming world oceans
claim-1426,evidence-29392,way athlete performance may increase using steroids human-induced climate change increases risk extreme weather events
claim-698,evidence-68000,celsius family swedish family anders celsius inventor celsius temperature scale belongs
claim-698,evidence-722375,induced aggravated human activities e g
claim-698,evidence-391922,global losses reveal rapidly rising costs due extreme weather-related events since 1970s
claim-698,evidence-1057523,pilot-induced oscillation result over-sensitive yet slow-response steering system determined cause
claim-698,evidence-190554,slow grand age rich increase
claim-698,evidence-865377,penetration human-induced warming world oceans
claim-1021,evidence-8189,human-induced forcings needed reproduce late-20th century warming
claim-1021,evidence-722375,induced aggravated human activities e g
claim-1021,evidence-391922,global losses reveal rapidly rising costs due extreme weather-related events since 1970s
claim-1021,evidence-620111,analogy made athlete steroids human-induced climate change
claim-1021,evidence-143084,human-induced warming climate expected continue throughout 21st century beyond
claim-1021,evidence-865377,penetration human-induced warming world oceans
